username,rank,page
yua_mikami_lover,,1
ParthIsLit,,1
tjwyztjwyz,,1
python_champ123,,1
rudrapratap1,,1
Mihir7b3111,,1
Limitless09,,1
BZ4jpH2kfx,,1
ama2ing-kilbyvyl,,1
blackpanther__7,,1
uwi,,1
endlesscheng,,1
KangTheDoom,,1
wishingjar,,1
hup-hup1,,1
al_jabr,,1
nithish7923,,1
the_bharadwaj,,1
tsreaper,,1
hacking_beast101,,1
edge0709,,1
amanwithai2025,,1
ishuu__,,1
adityaxkrishna,,1
dKyDn4xtd9,,1
satisho_jod,,2
freeyourmind,,2
VanshajPoonia,,2
pony_ma,,2
hhuuuu,,2
tmimotw,,2
mordingi,,2
bhawnapannu2706,,2
ryanwong0127,,2
CAHA,,2
SilverNarcissus,,2
cXSrSX49Rj,,2
silvertint10,,2
OTTFF,,2
readyToStrike,,2
Kaniki,,2
balakrishnan_v,,2
lucasfiasco,,2
liouzhou_101,,2
AxeWithArrow,,2
r-tron19,,2
khushi_agar,,2
wangxingyin,,2
jmyanxiang,,2
Maverick789,,2
mywaythere,,3
truongcongthanh2000,,3
maskboy,,3
Mohd_Sahil,,3
hope_ma,,3
mazzy_star,,3
han90,,3
adityaanand-in,,3
kmnasdpppsdm1236,,3
Algo-Messihas,,3
rastsislau,,3
QDdL3tBJHY,,3
op_vincenzo,,3
yangxm,,3
kannamuna,,3
walk-alone-a,,3
Shri_Akshat,,3
suysyashj22,,3
Rupesh_Das,,3
kanika-1404,,3
Sumits_0803,,3
shreyansh37,,3
ripan_baidya,,3
mohit4873,,3
Tryin2002,,3
