user_slug,username,school
parallel_stream,parallel_stream,
thor_77,thor_77,
endlesscheng,endlesscheng,
triggerxcpp,triggerxcpp,IIIT Delhi
Lily_mills,Lily_mills,
BrickByBit,BrickByBit,
SheenYangYun3,SheenYangYun3,
algo-paglu,algo-paglu,IIIT Allahabad
tsreaper,tsreaper,
Ma_Lin,Ma_Lin,Chinese National Table Tennis Team
y2587w,y2587w,
kashsuks,kashsuks,
cranky-6agarinizj,,
awice,awice,
arignote,arignote,
medapati_manasa,medapati_manasa,
sriley_prime,sriley_prime,
unstbl,unstbl,
arajAnkit,arajAnkit,
kmnasdpppsdm1236,,
pk8pPojgum,pk8pPojgum,
upbeat-dewdneysxp,,
user0129g,user0129g,NIT Surat
physics0523,physics0523,
981377660lmt,981377660LMT,
Sneha2208,Sneha2208,
996-YYDS,996-YYDS,University of Pennsylvania
kezixuan,kezixuan,
OTTFF,OTTFF,Northeastern University (US)
Kurimanju,Kurimanju,
Primitive_Man,Primitive_Man,
dezhonger,dezhonger,
blackpanther__7,blackpanther__7,
uwi,uwi,
cjycleaner,cjycleaner,
the_bharadwaj,the_bharadwaj,VTU
freeyourmind,freeyourmind,
adityaanand-in,adityaanand-in,
ama2ing-kilbyvyl,,
raincoat911,raincoat911,
AR_06,AR_06,
hanifasepthi,hanifasepthi,Telkom University
krism,KrisM,
that_panda,that_panda,University of Washington
Limitless09,Limitless09,
pku_erutan,pku_erutan,Peking University
rineeth_d,rineeth_d,
kzyKT,kzyKT,
shubhamprd585,shubhamprd585,
jmyanxiang,jmyanxiang,University of Toronto
cache_clear,cache_clear,
Kareem_Elgoker,Kareem_Elgoker,
Perurisrivedha,Perurisrivedha,
amitkumargdgps,amitkumargdgps,
xi-jun-xiao-zi,,
raumanian,raumanian,
ujimatsu_chiya,,
ishuu__,ishuu__,
arhamsjc,arhamsjc,
ajinkya1p3,ajinkya1p3,
rastsislau,rastsislau,
m6PGlH5jA3,,
zhangshize,,
kommanaboyinasowjanya,kommanaboyinasowjanya,
silvertint10,silvertint10,
md-fahim-bhuiyan,md-fahim-bhuiyan,Daffodil International University
hank55663,hank55663,National Central University
TirthDhandhukia,TirthDhandhukia,
Altair_45,Altair_45,
07dishwasherbob8,07dishwasherbob8,
ghj123h,ghj123h,
gooday-3,,
sowmyatiwari,sowmyatiwari,
lwm7708,lwm7708,
auscode,auscode,
lucifer1006,lucifer1006,
pushkardev123,pushkardev123,
happy-pikekyh,,
huanglanzhiguan,huanglanzhiguan,
dj3013158,dj3013158,
hxu10,hxu10,College of William and Mary
tin_le,tin_le,
yangxm,yangxm,
cheng-liang-yu,,
mkawa222,mkawa222,
darrenhp,darrenhp,
bhivu_coder,bhivu_coder,
patrick-gu,patrick-gu,
xs_pg,xs_pg,
zanj0,zanj0,Amity University
wei-qi-zheng,,
masayang,masayang,
parmodsingh,parmodsingh,
zsq007,zsq007,
gunjun_1,gunjun_1,
user3013OR,user3013OR,
tonghuikang,tonghuikang,Singapore University of Technology and Design
anh_tai,anh_tai,Nanyang Technological University
fzldq,Fzldq,
practical-vvingf4j,,
daemon_T,daemon_T,
harshal_02,harshal_02,
newhar,newhar,
uk_369,uk_369,
meetkavad,meetkavad,IIIT Surat
raigeki053,raigeki053,
LeetCoach,LeetCoach,
hhuuuu,,
balakrishnan_v,balakrishnan_v,
ivanc-e,ivanc-e,Zhejiang University
49e01,49e01,
Madhav_Contest,Madhav_Contest,
satisho_jod,satisho_jod,
gomamon,gomamon,
jacobj2,jacobj2,
PgMUsnys2m,PgMUsnys2m,
create-heart,,
ZSBnqZ8g0c,,
Darkdust123,Darkdust123,
rahul_07_practice,rahul_07_practice,
dush1729,dush1729,Manipal University Jaipur
michaell-n,,
ccyy123,ccyy123,
mazzy_star,mazzy_star,
wizardly-curieagt,,
ericshen19555,ericshen19555,
gurmankd,gurmankd,Thapar Institute of Engineering and Technology
Maruzensky,Maruzensky,
regain0001,,
_Indian_,_Indian_,
the1enthusiast,the1enthusiast,Jadavpur University
kl2400080094,kl2400080094,KL University
w_zhang,w_zhang,
VanshajPoonia,VanshajPoonia,IIT Jodhpur
Kanan_Pandey,Kanan_Pandey,
Omar-Farag,Omar-Farag,KU Leuven
twitch_tv_qiqi_impact,twitch_tv_qiqi_impact,
jayrajsinhzala1024,jayrajsinhzala1024,
ml-terminator,ml-terminator,
Harsh-X,Harsh-X,Panjab University
LeoHunt,LeoHunt,
Rupesh_Das,Rupesh_Das,
tinyfish1,tinyfish1,
ashish1729,ashish1729,
lddlinan,lddlinan,
czjnbb,czjnbb,
Kevin_Pan,Kevin_Pan,IITD
arnavkj11,arnavkj11,
HaKu,HaKu,
sks7401,sks7401,
o0WgoDc9yZ,o0WgoDc9yZ,
learn_and_give_contests,learn_and_give_contests,
nameless-chessfoot,,
123GJWEQ2,123GJWEQ2,
WaitDumplings,WaitDumplings,
rezero123,,
t38178,t38178,
4Y7mL5G5qH,4Y7mL5G5qH,
h_bugw7,h_bugw7,
youthful-ishi2akairv,,
be__focus,be__focus,
vikash_Sisodia,vikash_Sisodia,
G26Karthik,G26Karthik,
vixie,vixie,
Roshan_1229,Roshan_1229,Indian Institute of Information Technology Bhagalpur
TerranKyle,TerranKyle,
jiangjinjinyxt,jiangjinjinyxt,
sxwTBWOZfz,sxwTBWOZfz,
superj,superj,
rajharsh_24,rajharsh_24,Indian Institute of Technology Varanasi (BHU)
ryanwong0127,ryanwong0127,Chinese Academy of Sciences
yang-pu-bi-de-lin-qi,,
GodSownTheist215,GodSownTheist215,
tf_vasu,tf_vasu,
sourire-2xm,,
ding-fei-5,,
AijoKaren,AijoKaren,
wangxingyin,wangxingyin,
yu46656,yu46656,
maxwell142857,maxwell142857,
mikeac,mikeac,
beautiful-i3artikvjt,,
GlobalStart,GlobalStart,
blissful-sahauxu,,
ToufiqKhan,ToufiqKhan,
siyapondkule,siyapondkule,
Try2GotReward,Try2GotReward,
manoj0606,manoj0606,
IfBMMEJIv0,IfBMMEJIv0,
Tirth_9606,Tirth_9606,
Ansh_Kumar08,Ansh_Kumar08,
rahul_samant_37,rahul_samant_37,
q8skkOOXdx,q8skkOOXdx,
Himanshu0ic7,Himanshu0ic7,
Safari1291,Safari1291,
TheMadMax,TheMadMax,RT Mosa High School
wjli,wjli,
bankaibaka,bankaibaka,
rishav_learner,rishav_learner,GCELT
gurmanalt,gurmanalt,
chuan-chih,chuan-chih,
sank555,sank555,"National Institute of Technology,Warangal"
user8135t,user8135t,
SaveVMK,SaveVMK,Washington University in St. Louis
accordance,accordance,
fallenleaves-h,,
TT4W30AIV5,,
chubbyseal,chubbyseal,
chrehall68,chrehall68,San Jose State University
W2kU0NavvO,W2kU0NavvO,IITH
AvinashKartik,AvinashKartik,
uttaran_das,uttaran_das,Academy of Technology
7uBicyLNmB,7uBicyLNmB,
cheng-wei-hao,,
Galti_Sae_Mistake,Galti_Sae_Mistake,
Axoryn,Axoryn,
windhashira38,windhashira38,
dudulichen11,dudulichen11,
Jgx9PTuFan,,
lu-chen-chen,lu-chen-chen,
ShiningZone,ShiningZone,National Taiwan University
lxhgww,lxhgww,
wddd,wddd,
Samansidhu,Samansidhu,
C4v4tvUY2L,C4v4tvUY2L,Ramakrishna Mission Vivekananda Vidyamandir
SohamDutta2002,SohamDutta2002,
Rahul_Challa,Rahul_Challa,University of California-Riverside
S_Eshwar,S_Eshwar,
Naman_Agarwal_03,Naman_Agarwal_03,
Hell_fire3,Hell_fire3,
aaryamanbhattacharya04,aaryamanbhattacharya04,
sad-diract6a,,
i3lissful-cori5lm,,
liulx15,,
iancn,,
guai-bai-bai,,
kgh950902,kgh950902,
HiteshGupta20,HiteshGupta20,DTU
gammaBeta,gammaBeta,
rishikush31,rishikush31,
al_jabr,al_jabr,
r5tlNsQ779,r5tlNsQ779,
lamp_fire,lamp_fire,
puja_S,puja_S,
w285714,,
papaya,papaya,
gutsberserker_718,gutsberserker_718,
Silken,Silken,
jhaayushofficial,jhaayushofficial,IIIT Gwalior
Yuvraj_Tiwari_Work,Yuvraj_Tiwari_Work,
IkWbisItAw,IkWbisItAw,
yiren-0429,,
hannah-29,,
B2qeHQ0KwT,B2qeHQ0KwT,
aryan_pundir,aryan_pundir,
pensive-i2osalindjjz,,
singh_deopa,singh_deopa,
gao-jian-bin,gao-jian-bin,
7oving-aryabhataskb,,
naruto_789,naruto_789,
anmolgarg1268,anmolgarg1268,Netaji Subhas University of Technology
yumichael,yumichael,
Fasdr,Fasdr,
acvving_greenofyu,,
Ayanerru,Ayanerru,National Taiwan University
LTKJ,LTKJ,
ash98ketchum_,ash98ketchum_,GLA University
nevergiveup,nevergiveup,Zhejiang University
gallant-mir2akhanik0z,,
tmimotw,tmimotw,
linautumn,,
ysahu,ysahu,
maruser,,
santosh-k22,santosh-k22,
karanbantia,karanbantia,University of Colorado--Boulder
inspiring-i3lacknty,,
_vawa_,_vawa_,
souviksarkar2k3,souviksarkar2k3,
sadtoday,sadtoday,
ming1ning,,
loving-perlmanzm0,,
unhappyTWO,unhappyTWO,IIT Bombay
wei-she-ming,,
shashankpuskr,shashankpuskr,Galgotias University
Hack3r,Hack3r,
Mr_codelearner,Mr_codelearner,
Ranjith_J,Ranjith_J,
hulot-bak,hulot-bak,
david_hoengy,david_hoengy,
Jaguar-,Jaguar-,
shi_logic,shi_logic,
Nikhil_Prakash_215_Shiva,Nikhil_Prakash_215_Shiva,
dfthb,dfthb,
luluowls,luluowls,
user98012312301,user98012312301,
mu-feng-n2,,
NaoJoeMiao,NaoJoeMiao,
cookie0416,cookie0416,National Central University
Georgegg5,Georgegg5,
YZCUS,YZCUS,
liyangzi6p626,liyangzi6p626,
onedfsNbfs,onedfsNbfs,
AlIlIl,AlIlIl,
f964966828,f964966828,NYCU - CS
parthprajapat_2005,parthprajapat_2005,IIT(ISM) Dhanbad
GreedyCoder_01,GreedyCoder_01,
hopeful-allenngk,,
attttrx,Attttrx,
kind-shavvfpd,,
kraphe001,kraphe001,
kedharnadhkamatham,kedharnadhkamatham,
zhenliang153,zhenliang153,
justin123414a1,justin123414a1,
jaybro,jaybro,
mikefromtw,mikefromtw,
Adithya_Rajagopalan,Adithya_Rajagopalan,
XuhuiWang,XuhuiWang,
sveng101,sveng101,
KaranD26,KaranD26,
AdityaRaj_cpp,AdityaRaj_cpp,
a-soul_official,,
x____x,x____x,
JLZ998112,JLZ998112,
17ucs031,17ucs031,
Rithish__S,Rithish__S,Sri Eshwar College of Engineering
the_oreo,the_oreo,
toto-ro,toto-ro,
BZ4jpH2kfx,BZ4jpH2kfx,
leetgoat_dot_dev,leetgoat_dot_dev,University of California--Berkeley
Ez0GjobKfR,Ez0GjobKfR,
sam_990,sam_990,
Akshit_Singh1121,Akshit_Singh1121,
kablakartik,kablakartik,
AkshatSaxena_05,AkshatSaxena_05,
SamChen856,SamChen856,
HSB1107,HSB1107,
abdkhaleel,abdkhaleel,Velammal Engineering College 
a_pandita,a_pandita,NITK
Kumar_Saurabh_Singh,Kumar_Saurabh_Singh,
chh9976,chh9976,
anuragmudgil00,anuragmudgil00,University of Southern California
kritarth_batra,kritarth_batra,
yuan-hao-k,,
bhupendragehlot88,bhupendragehlot88,
caonghia2919,caonghia2919,Foreign Trade University
thaowu,thaowu,
leat14536,leat14536,
elastic-vaughanxcp,,
SupervisorMayHap,SupervisorMayHap,
bug-setter,bug-setter,DAIICT
adarshworkplace,adarshworkplace,IIT Bhubaneshwar
braindroid,braindroid,
DansGame,DansGame,
amaid_mnnit,amaid_mnnit,
ktillhoth,,
Antriksh01,Antriksh01,"Indian Institute of Information Technology, Surat"
duythuc332,duythuc332,
ardekarsanket,ardekarsanket,Thadomal Shahani Engineering College
user0910F,user0910F,
wisdompeak,wisdompeak,Tsinghua University
Hemanth_gowda1718,Hemanth_gowda1718,
jaiGurudevCode,jaiGurudevCode,
mikefeschenko,mikefeschenko,
agix,agix,
jia-gou-shi-he-zhi-dan,,
Prashant6889,Prashant6889,
LowGodTier,LowGodTier,Chandigarh University
pramit_samanta,pramit_samanta,CDAC
abhinavk0212,abhinavk0212,Netaji Subhas University of Technology
divyanshpokharna,divyanshpokharna,
xy-li,xy-li,
nhienle94,nhienle94,FPT University
elysia-4,,
rithwikgupta,rithwikgupta,
kartikeyoz,kartikeyoz,
rO3Y9jRVfG,rO3Y9jRVfG,
Amrharb,Amrharb,Minya University
Saitamajwjh,Saitamajwjh,
bytecode_1234,bytecode_1234,
yin-he-xi-xi-chang,,
wyy0813,,
hmkWma09Y8,hmkWma09Y8,
AlienG,AlienG,Tsinghua University
pradhit3,pradhit3,
abinand0911,abinand0911,
delphih,delphih,Georgia Institute of Technology
Karan_Agarwal_12,Karan_Agarwal_12,
uG04WHSFgA,uG04WHSFgA,
timeouterr,timeouterr,
agrawalji,agrawalji,
CodeXana0001,CodeXana0001,
Ankur_8789,Ankur_8789,National institute of technology Patna
gourav100110,gourav100110,NIT Raipur
Nishan_Jain_75,Nishan_Jain_75,
dhruvcodes04,dhruvcodes04,
PRAVEEN_RAUTELA,PRAVEEN_RAUTELA,IIIT Vadodara
han90,,
tsigave,tsigave,
gauravsarma,gauravsarma,
astronom1cal,astronom1cal,Ramaiah Institute of Technology
Ani_S,Ani_S,Netaji Subhas University of Technology
ofgs1,,
shreyansh28801,shreyansh28801,"Indian Institute of Information Technology, Nagpur"
dhanushbommavaram,dhanushbommavaram,
user7493J,user7493J,
u77,u77,
YitLuo,YitLuo,University of Notre Dame
amandeepsk1512,amandeepsk1512,
Jim0308,Jim0308,
Nelson84,Nelson84,
kar1mov-u,kar1mov-u,
fanxing-u,,
qui22ical-chatterjeepcw,,
pocochuk,pocochuk,
hypothecate,hypothecate,
s890292001,s890292001,National Sun Yat-sen University
prashant_kashyap9759,prashant_kashyap9759,"Punjab Engineering College,Chandigarh"
QkCXAm8O6o,QkCXAm8O6o,
tjwyztjwyz,tjwyztjwyz,
Pez099,Pez099,
techtushar2002,techtushar2002,
kamisato66,kamisato66,
oUUuXsfqDj,oUUuXsfqDj,
im_kesh_077,im_kesh_077,
albertyin,AlbertYin,
abhishekvaish,abhishekvaish,
apoorvtandon,apoorvtandon,
johnathant,johnathant,University of Illinois--Urbana-Champaign
Satyamurthy,Satyamurthy,
Ayush_Yadav_07,Ayush_Yadav_07,Pranveer Singh Institute of Technology
henrymath,henrymath,
HONEY69,HONEY69,
zi-han-6k,,
nitin0461,nitin0461,
pateldhruv1672,pateldhruv1672,San Jose State University
frosty-mcleanx2z,,
jcoves,jcoves,
jushuai_lfx,jushuai_lfx,
harttle,harttle,PKU
ethanhzhang123,ethanhzhang123,University of Texas--Austin
wormchaos,,
BhuvanKaul,BhuvanKaul,
naughty-stonebraker9qp,,
lilganj710,lilganj710,
54skyxenon,54skyxenon,
wanghy012,wanghy012,
aayushyakumar404,aayushyakumar404,
wangdh15,wangdh15,
the_batman07,the_batman07,
Gryffindor21,Gryffindor21,National Institute of Technology Andhra Pradesh
sariabell,Sariabell,
pc19937,pc19937,"Indian Institute of Technology, Indore"
adarsh26tiwari,adarsh26tiwari,
TheZwischenzug,TheZwischenzug,
zx2020,zx2020,
funny-zhukovskye53,,
nazh4278,nazh4278,
kannamuna,,
Iam_Prashanth,Iam_Prashanth,
Taraksriram,Taraksriram,IIT BHU CSE
magizhan05,magizhan05,
sshang,sshang,Columbia University
guesswhohas2cats,guesswhohas2cats,
chintsai,chintsai,
alpha_abhi,alpha_abhi,
New2World,New2World,
iozer6407,iozer6407,
ashu143,ashu143,"National Institute of Technology,Rourkela"
Ajay_Gajulapally,Ajay_Gajulapally,Indiana University--Bloomington
TooWeakTooSlow444,TooWeakTooSlow444,"Birla Institute of Technology,Mesra"
Azad_96,Azad_96,
zj4499,zj4499,
NifeKKeen,NifeKKeen,Kazakh-British Technical University
teemu_ryyti,teemu_ryyti,
onlyblues,,
hua-kai-bu-bai-cai-shi-ni,,
DipakDeshmukh19,DipakDeshmukh19,
sergey_chebotarev,sergey_chebotarev,
alter-vb,,
Eternity1824,Eternity1824,
mahinigam,mahinigam,Galgotias University
luca404,luca404,
milesian-c,,
AlgoWithTeja,AlgoWithTeja,
fa-meng-c,,
Ineesh,Ineesh,
exapricity,,
aman__singh2001,aman__singh2001,
sjdyf,sjdyf,
ghu-m,,
yun-fei-yang-2i,,
charan_singh,charan_singh,mnit jaipur
anushkaxag,anushkaxag,Poornima College of Engineering
fangqing408,,
seraph1212,seraph1212,
ayushmanmohanty0503,ayushmanmohanty0503,
harshilmalani07,harshilmalani07,
P3QS0E446z,P3QS0E446z,
ironman263,ironman263,
Medhana_K,Medhana_K,
lyronly,lyronly,
temporary_account,temporary_account,
mayankleetgod1,mayankleetgod1,
Leviathan6,Leviathan6,
u23cs159,u23cs159,SVNIT
khalil192,khalil192,BML MUNJAL UNIVERSITY
Iamyxx,Iamyxx,
realleetcode,realleetcode,
yogeshrule,yogeshrule,IIT Roorkee
tyrande,tyrande,
AbhishekMondal23,AbhishekMondal23,
bit_patrick,bit_patrick,IIT KGP
interesting-moorexky,,
Prem23_04,Prem23_04,
guins_j,guins_j,
jayanth_610,jayanth_610,
yong-hu-ming-yi-yin-cang,,
krish_n_a,krish_n_a,Indiana Institute of Technology
sunny0405,sunny0405,
harrdiktiwari,harrdiktiwari,Loyola School Jamshedpur
sudocat,sudocat,
Sujalsinghnegi1,Sujalsinghnegi1,
zhouzl,,
pp_45,pp_45,IIT Guwahati
kartikeyaangara,kartikeyaangara,Manipal Institute of Technology 
stealthblack17,stealthblack17,
stephen-sun-a,,
HirendraBhatta,HirendraBhatta,
Sauram228,Sauram228,
SUVU01,SUVU01,"Indian Institute Of Technology, Kharagpur"
dm_recluse,dm_recluse,
elegant-goldvvasserrzq,,
user3593Z,user3593Z,
8179lakshman,8179lakshman,
charles2012,charles2012,
hs180002,hs180002,
JhoZzel,JhoZzel,
ajaytheetharappan,ajaytheetharappan,
lichuan199010,lichuan199010,
vichuboi,vichuboi,Nandha Engineering College
21j4oNdHH5,21j4oNdHH5,
Pain_373,Pain_373,IIT Mandi
phuonganhniie,phuonganhniie,
suysyashj22,suysyashj22,Indian Institute of Technology Kanpur
chill_pill_,chill_pill_,
si-wen-zhuang-yi,,
charming-ptolemybnd,,
heshan1234,heshan1234,
lozy219,lozy219,National University of Singapore
ninja_master2002,ninja_master2002,
_AKASH_TRiPATHi_1723,_AKASH_TRiPATHi_1723,
hjeff2005,hjeff2005,University of Michigan--Ann Arbor
yumebhumi,yumebhumi,
gauravj98,gauravj98,
Vansh_Bhardwaj,Vansh_Bhardwaj,
i3old-kellersru,,
FeiXiaoFurina,FeiXiaoFurina,
ace_Coder121,ace_Coder121,Indian Institute of Technology Bhilai
ayush-rudani,ayush-rudani,Northeastern University
pirobie,pirobie,
ujjwal018,ujjwal018,Indian Institute of Technology Bhilai
Siddharth_Joshi,Siddharth_Joshi,Indian Institute of Information Technology Allahabad
gauthamsai2307,gauthamsai2307,Gayatri Vidya Parishad College For Degree and P G Courses(A)
elainafan,,
Soumadip_Mishra,Soumadip_Mishra,Jadavpur University
Lightning_crusader,Lightning_crusader,
gigawhiz,gigawhiz,"National Institute of Technology, Raipur"
practical-tereshkovaips,,
admiring-shockleyzns,,
ppuenreti,ppuenreti,
nishnatadebnath2000,nishnatadebnath2000,
piscesdream-7,,
neutralizer33642,neutralizer33642,Netaji Subhas University of Technology
vnrishisaran,vnrishisaran,
vishal_patel_79,vishal_patel_79,MNNIT ALLAHABAD
tender-darwini3b,,
Aryann14,Aryann14,
shrutisingla130,shrutisingla130,
lon5948,lon5948,
yzxx6eiG9p,yzxx6eiG9p,
chinastark,chinastark,
BROcoders,BROcoders,
hero777,hero777,
sai010506,sai010506,
justDummy,justDummy,
mnicd,mnicd,
xxdream,xxdream,
drthgz,drthgz,
wu-yu-30,,
Advaya,Advaya,
tttyyy49,tttyyy49,
donglijie,,
angry-yonathdkl,,
tptbrs16,tptbrs16,
doujiangdaola,,
nirnaykorde,nirnaykorde,LNMIIT
66newbie66,66newbie66,
1972,1972,
dynamic_tarun,dynamic_tarun,
dipeshpandey07,dipeshpandey07,
ekxHMV8TSh,ekxHMV8TSh,
rodman10,rodman10,
varshusavaram,varshusavaram,
i_adarsh_singh_,i_adarsh_singh_,
AbdelrahmanSamir,AbdelrahmanSamir,Assiut university
hogantech,hogantech,Stevens Institute of Technology
Anuruddh_Singh_Chauhan,Anuruddh_Singh_Chauhan,
Sourajit05,Sourajit05,
charming-morseddn,,
sherlock_sai,sherlock_sai,
aman0311,aman0311,
liamgao,liamgao,
Harshitha_Erni,Harshitha_Erni,
yogesh1jindall,yogesh1jindall,IIIT Una
mnnit_prakharg,mnnit_prakharg,
harsh9335p,harsh9335p,MAHARANA PRATAP COLLEGE OF PROFISSIONAL STUDIES
kush788,kush788,
killer-whale,killer-whale,
Tushar_sonkar7,Tushar_sonkar7,Dr. APJ Abdul Kalam Technical University
tomarint,tomarint,
sahoo-ankit,sahoo-ankit,
RitamKoley,RitamKoley,NIT DURGAPUR
rgb234rgb,,
distracted-mcleanfpv,,
TheCleanser,TheCleanser,
amline,,
jenil0108,jenil0108,
zanal_sorathiya,zanal_sorathiya,
parushuram97,parushuram97,
qhung312,qhung312,
sadhwaniromank,sadhwaniromank,
Pikachu_7465,Pikachu_7465,
saksham_on_a_conquest_29,saksham_on_a_conquest_29,
prabhu_,prabhu_,
luo-yang-shen-niao,,
Y3l4INvghQ,Y3l4INvghQ,
comeback_brother,comeback_brother,
pkpawan,pkpawan,
riteshbirthal,riteshbirthal,IIT Kanpur
AdamTai,AdamTai,
tsm2003,tsm2003,
mu-yu-yang-guang-o,,
at_harsh,at_harsh,
route101,,
katendravaibhav,katendravaibhav,
boom99,boom99,
hanbro0112,hanbro0112,
Ompatel45672,Ompatel45672,
A_VEENA,A_VEENA,
coderud,coderud,
half_life_2,half_life_2,
kumar_576,kumar_576,Jawaharlal Nehru Technological University Kakinada
_Johann_,_Johann_,
Sriman_0623,Sriman_0623,
6racious-ardinghelli1jj,,
prashants9700,prashants9700,
votrubac,votrubac,Kharkiv Air Force University
hahahiehie,hahahiehie,
mayurrajpal99,mayurrajpal99,IIT Roorkee
kjs314,kjs314,
Namor18,Namor18,
sahil_23102,sahil_23102,
Athrv1,Athrv1,vit bhopal
coderchamp07,coderchamp07,
leetcode_saurabh_1369,leetcode_saurabh_1369,
bulidy,,
nanj0178,nanj0178,
ambrish10,ambrish10,RCCIIT
Maniteja_M,Maniteja_M,
stack0verflow,stack0verflow,
saksham_singhal_2001,saksham_singhal_2001,IIT Roorkee
_blackDronzer_,_blackDronzer_,
Algorixx,Algorixx,
nittin_13,nittin_13,
bean_challenger,bean_challenger,
pragyan-04s,pragyan-04s,
arjun_06_s,arjun_06_s,
Priyam_Kesarwani,Priyam_Kesarwani,
cr702,cr702,
puyushgupta786,puyushgupta786,
b1tset,,
poorwill,,
Daksh831,Daksh831,Manipal University Jaipur
parikshith_lakshmikanth,parikshith_lakshmikanth,
KARTIK_DHANDE,KARTIK_DHANDE,Shri sant Gajanan Maharaj collage of Engineering Shegaon 
niranjank2024,niranjank2024,
Anushka1515,Anushka1515,Maharaja Agrasen Institute of Technology
yinboshi13,yinboshi13,
SMNy0axemw,,
richzli,richzli,
Talha76,Talha76,Islamic University of Technology
jatinsai09,jatinsai09,
Giri_27,Giri_27,
p6u7hPXXkD,,
cyouming39,cyouming39,
meng-xiang-bi-fang,,
PQhdb3CPOm,PQhdb3CPOm,
khajan_bhatt,khajan_bhatt,Graphic Era Hill University
emituofo,emituofo,
Mak_05,Mak_05,"Indian Institute of Technology , Bhubaneswar"
patanahikaunheye,patanahikaunheye,
pepe-the-frog,pepe-the-frog,
Coder4me,Coder4me,NIT AGARTALA 
xxbb-u,,
Prateek8696,Prateek8696,
Avik08,Avik08,
sanjay_thiru,sanjay_thiru,
aarsh123456,aarsh123456,
alexMercer2005,alexMercer2005,B.P. Poddar Institute of Management & Technology
abhirajgautam28,abhirajgautam28,Graphic Era University
siddhiiii,siddhiiii,
Chetana09,Chetana09,Walchand Institute of Technology
titan07,titan07,VNRVJIET
reas0ner,reas0ner,
itsdebrajdalai,itsdebrajdalai,
kalpitdon7,kalpitdon7,
alok_aeri,alok_aeri,
visitor7,visitor7,
yuvall_b,yuvall_b,Nirma University
user8787Y,user8787Y,
sjkdwe,sjkdwe,
Om_Bhati_Temp,Om_Bhati_Temp,IIIT Vadodara
Dhongee,Dhongee,Indian Institute of Technology Jodhpur
strange-mclarenpfr,,
code_demon981,code_demon981,
ankitpat,ankitpat,
surajajaydwivedi,surajajaydwivedi,Jaypee Institute of Information Technology
decoder38,decoder38,National Institute Of Technology Jamshedpur
lsf-2,,
2499370956,2499370956,
_manas_m,_manas_m,
ilovejunghyun,ilovejunghyun,
dshivank630,dshivank630,
akaashmanda22,akaashmanda22,
Abhishek98093,Abhishek98093,Indina institute of information technology
JananiPriya_V,JananiPriya_V,
BFTk0DofrM,BFTk0DofrM,
bladerunner123,bladerunner123,
rasmalaiii,rasmalaiii,
Shrut_jain,Shrut_jain,
gagan16903,gagan16903,Motilal Nehru National Institute Of Technology Allahabad
Aitijhya_Modak,Aitijhya_Modak,IIEST Shibpur
Butcher_02,Butcher_02,Gayatri Vidya Parishad College of Engineering
Albert_Zhang,Albert_Zhang,
D_Egoist,D_Egoist,
kssuhas,kssuhas,
kanucool,kanucool,
Shivam_Gupta07,Shivam_Gupta07,
Abhinav5468,Abhinav5468,
ali-003,,
Nayan02,Nayan02,"Kamla Nehru Institute of Technology, Sultanpur"
edric__davis,edric__davis,
heyyyankit,heyyyankit,BIT Mesra
harsh1t_t1war1,harsh1t_t1war1,Madan Mohan Malviya University of Technology
theomkarmore,theomkarmore,VNIT Nagpur
emon51,emon51,"Shahjalal University of Science and Technology, Bangladesh."
eager-dijkstrawi6,,
bronzekiller2017,bronzekiller2017,
4curiosity,4curiosity,
Rasputin75,Rasputin75,
maomao27,maomao27,
btrxCsOq7a,btrxCsOq7a,Sachdeva Public School
patelnamraa,patelnamraa,Pdeu
Aditya_Kumar_Sah,Aditya_Kumar_Sah,NIT Raipur
messyhair,messyhair,
sarthak_293,sarthak_293,
shivankbhatia,shivankbhatia,Thapar Institute of Engineering and Technology
Harsh-32,Harsh-32,
gauravpawar7,gauravpawar7,
Naveen_Kushawaha,Naveen_Kushawaha,National Institute of Technology Jamsedpur
AswiniChitreddy_14,AswiniChitreddy_14,
qu454r1712,qu454r1712,
harsav360,harsav360,MRIIRS
guddusingh123,guddusingh123,
quanghuytranhust,quanghuytranhust,
Tarun_Rawat,Tarun_Rawat,
kjainharsh,kjainharsh,
Harshit07102001,Harshit07102001,
dibas1,dibas1,IIT (ISM) Dhanbad
SULABH_AMBULE,SULABH_AMBULE,"Government College Of Engineering, Aurangabad"
Kashyap2_2005,Kashyap2_2005,
gaurav_shukla2005,gaurav_shukla2005,
wo-shi-ni-jie-ge-ge,,
JayKimyra,JayKimyra,
cy171,cy171,
godhorse0218,godhorse0218,
bt22cs006,bt22cs006,
Devansh_shankhdhar,Devansh_shankhdhar,IIITDM Jabalpur
david_feng,david_feng,
zi-sui-n,,
hinata89,hinata89,
MOHIT-S-MAURYA,MOHIT-S-MAURYA,
Roshankumar9421,Roshankumar9421,Asansol Engineering college
_lokesh_,_lokesh_,
greeninja21,greeninja21,
lumozx,,
al_zn,,
arpit2005,arpit2005,
amankumarengineer2002,amankumarengineer2002,IIITDM Kurnool
Ayush34513,Ayush34513,
newbiiee,newbiiee,
0222_,0222_,
SmpRrsnkBS,SmpRrsnkBS,
tnaveen2308,tnaveen2308,VNR Vignana Jyothi Institute of Engineering and Technology
Gokul1230,Gokul1230,
strange-archimedeshtk,,
7ntxx-13,,
abr820,abr820,"Indian Institute of Technology, Kharagpur"
phanthaiduong22,phanthaiduong22,Ho Chi Minh University Of Science
Mayank020198,Mayank020198,
869142649,869142649,
serioton_new,serioton_new,
parag776,parag776,
bai-fr,,
2AsN9Z6O5Q,2AsN9Z6O5Q,
Danish_11,Danish_11,RBU Nagpur
Consistent_,Consistent_,
leoyu0813,leoyu0813,
Roh12,Roh12,
kind-noether3ie,,
alok_secondary,alok_secondary,
kvssg123,kvssg123,
trishantdevsingh,trishantdevsingh,
Ankit_Jaipuriar,Ankit_Jaipuriar,
zha-bi-xiao-ping,,
AbhisheK--001,AbhisheK--001,
FranALex,FranALex,
charming-noycetlb,,
MokshitGarg,MokshitGarg,Bhagwan Parshuram Institute of Technology(IPU)
Adithya_thokala,Adithya_thokala,
Yelishala_Jahnavi,Yelishala_Jahnavi,National Institute Of Technology Delhi 
ananyaverma28,ananyaverma28,
adoring-mccarthymau,,
amvsaEX4LN,amvsaEX4LN,
srinivas_d,srinivas_d,"Indian Institute of Technology, Dhanbad"
ambs_,ambs_,
Cannibal_314,Cannibal_314,
motherofsuper,motherofsuper,
Ja3,Ja3,CHARUSAT
tyche4490,tyche4490,
anshu_2211_,anshu_2211_,
PDXTITAN,PDXTITAN,
adityajethani,adityajethani,Pandit Deendayal Energy University
hhczc,,
anurag_k22,anurag_k22,IIIT Nagpur
sad-hodgkin23h,,
Pratham_Rathod,Pratham_Rathod,
shui-de-xiao-gen-ban,,
psycharchie2611,psycharchie2611,"AKGEC,GHAZIABAD"
logicMatrix,logicMatrix,
HMhN5QAPHY,HMhN5QAPHY,
Naganathan_Ramesh,Naganathan_Ramesh,Amrita University
Om_Ashish_Soni,Om_Ashish_Soni,"Dharmsinh Desai University, Nadiad"
holden_sn,,
gtemta,gtemta,NCTU
uMR5AYxKOo,uMR5AYxKOo,
sonuthecoder96,sonuthecoder96,Netaji Shubhash University Of Technology
alekhsachan,alekhsachan,Pranveer Singh Institute of Technology
akayush_kr,akayush_kr,
Bibu54123,Bibu54123,
pranavjarande,pranavjarande,"ABV Indian Institute of Information Technology,Gwalior,MP"
bbhavik_16,bbhavik_16,
TyZSqd0UGQ,TyZSqd0UGQ,
rVnCoder_07,rVnCoder_07,
jaygoti2006,jaygoti2006,
Selvaganesh_17,Selvaganesh_17,
AnkurKundu,AnkurKundu,
JAGAN_POKALA,JAGAN_POKALA,
samsingh2004,samsingh2004,Manipal Institute of Technology - Manipal
norikame,norikame,
tikamgarh_coder,tikamgarh_coder,
uh324cnt,uh324cnt,
harshita_joshi__,harshita_joshi__,NIT Sikkim
anoop42_,anoop42_,
j3mXqxtDiy,j3mXqxtDiy,
flyinglemonjx,flyinglemonjx,
rock76549,rock76549,IIT Guwahati
RAJA41,RAJA41,Indian Institute of Technology - indore
nishkarshsharma2004,nishkarshsharma2004,
varun-1728,varun-1728,Scaler School of Technology
uqAwIIpV13,uqAwIIpV13,
sanori,sanori,
half_blood-Prince,half_blood-Prince,
len1221,len1221,
sohelshk7,sohelshk7,
adoring-snyderloc,,
vishnu578,vishnu578,
Extra_Me,Extra_Me,
Anasmita_2005,Anasmita_2005,Haldia Institute Of Technology
nithish_kumar1807,nithish_kumar1807,SSN College of Engineering
yuchanhsiao,yuchanhsiao,
Aditya_Mauryaa,Aditya_Mauryaa, National Institute of Technology 
logiknest-RJ,logiknest-RJ,Academy of Technology
Gopal_hans,Gopal_hans,
nobisuke2025,deleted_user,
JJ5RE3siE8,JJ5RE3siE8,
exPlo_Rer,exPlo_Rer,
SaddlebackCollege,SaddlebackCollege,
Sagarika_Arun,Sagarika_Arun,
Glhgl2Nor8,Glhgl2Nor8,
SagarPatel98212,SagarPatel98212,
jadenpxrk,jadenpxrk,University of Toronto
w_SiD24,w_SiD24,Pune Institute of Computer Technology
baibhav_06,baibhav_06,
sheng-shou-shu-sheng,,
amrohit,amrohit,IIT
tanmef,,
vishal-bala,vishal-bala,
monukumar012,monukumar012,Meerut Institute of Technology
Anamika428,Anamika428,
khelli07,khelli07,
TIRTHA_DAS,TIRTHA_DAS,
aniuan,,
abdullahElkhteeb2002,abdullahElkhteeb2002,
xian-yu-u9,,
sandeepcool2036,sandeepcool2036,VIT Bhopal University
vigna-tej,vigna-tej,"National Institute of Technology, Andhra Pradesh"
g1go,g1go,
priyanshu_99981,priyanshu_99981,
CYCcc,CYCcc,
funny-i3enzg8p,,
Varun1305,Varun1305,
aayushsuthar2004,aayushsuthar2004,
drlt,drlt,
pikachu0007,pikachu0007,
CoderChatur,CoderChatur,
terminator6124,terminator6124,
drizzleL,drizzleL,
bluez-2,,
kanhaiya_k_bhardwaj,kanhaiya_k_bhardwaj,
aastshaikh,aastshaikh,
prabhat__jain,prabhat__jain,
EshwarKarthik,EshwarKarthik,chennai institute of technology
helltractor,,
pdanghuy03,pdanghuy03,
abhi_ji_ji,abhi_ji_ji,
i2everent-shirleytfv,,
winter_training,,
user5597bP,user5597bP,
rishi_dixit02,rishi_dixit02,
VioThane,VioThane,
SawanSingh7,SawanSingh7,
kartikkumarsingh159,kartikkumarsingh159,
OuterRidgeSavage,OuterRidgeSavage,
Prxsanna,Prxsanna,
grimreaper123,grimreaper123,
bhavit_vora,bhavit_vora,
user1320YI,user1320YI,
code_tal,code_tal,
priceless-hodgkinfox,,
Prayanshu97,Prayanshu97,
jatin_kumar2005,jatin_kumar2005,lovely professional university
josephshih13,josephshih13,
Anicetus_7,Anicetus_7,Vellore Institute of Technology
hustlixiang21,hustlixiang21,Carnegie Mellon University
eames,eames,
shamir0xe,shamir0xe,University of Tehran
JerryGu1,JerryGu1,
shivdeshpande2001,shivdeshpande2001,IIT Hyderabad
benno,benno,
le__programmeur,le__programmeur,
PAWAN7488,PAWAN7488,MALUANA AZAD NATIONAL INSTITUTE OF TECHNOLOGY
NotChetan_21,NotChetan_21,IIIT Naya Raipur
dhruvpasricha1,dhruvpasricha1,
i_piyushk_r,i_piyushk_r,
Shivam_Gupta-8,Shivam_Gupta-8,
Saksham0718,Saksham0718,
Pawan_Sharma99,Pawan_Sharma99,
akash_thakare,akash_thakare,College of Engineering Pune
RushabhShah20,RushabhShah20,K. J. Somaiya College of Engineering
santoshswansi,santoshswansi,
Nitish8281,Nitish8281,
i-sagar,i-sagar,
Devansh_6,Devansh_6,
wenjieyu93,wenjieyu93,
Akki_OOK,Akki_OOK,
eKF3yDTcTX,eKF3yDTcTX,
Prahasith,Prahasith,"Indiana Institute of Technology , Bombay"
jason7708,jason7708,National Chiao Tung University
abhayv290,abhayv290,UIET KANPUR
sayon29,sayon29,
srivastavashaurya4,srivastavashaurya4,
Jitendra_Kumar_24,Jitendra_Kumar_24,
hakonleung,,
the_avc,the_avc,
xoxo_,xoxo_,MS Ramaiah Institute of Institute of Technology
competent-saha0bx,,
harsh32200216,harsh32200216,
phuocdh2321,phuocdh2321,
Kartik_Bhanderi,Kartik_Bhanderi,
aditya___001,aditya___001,NIT Jamshedpur
Wzsssss,Wzsssss,University of Waterloo
mdnihal05,mdnihal05,
Road_To_Expert,Road_To_Expert,
pengwang-2,,
sboskovic,sboskovic,
faltu___,faltu___,
Tekko,Tekko,
abhinavnair132002,abhinavnair132002,
Harshitbro498,Harshitbro498,
MhmudSameh24,MhmudSameh24,
saivishwas2690,saivishwas2690,
smec_harsh,smec_harsh,
ZeratuuLL,ZeratuuLL,
salmanmirg,salmanmirg,
abiraljain2004,abiraljain2004,jabalpur engineering college
jainilj05,jainilj05,
pandafinix,pandafinix,IIT(ISM) DHANBAD
e2snNoFxpJ,e2snNoFxpJ,
hemanth4646k,hemanth4646k,
advait02c,advait02c,
mr6915tri8513,mr6915tri8513,
Code_Decode13,Code_Decode13,
feng-yu-7e,,
D_Anand_2005,D_Anand_2005,
optimus_prm,optimus_prm,
QJBpaaQZBD,QJBpaaQZBD,
Hlebushik,Hlebushik,
wenjieyu,wenjieYu,
ta-xue-xun-mei-z,,
troper,troper,
depnra1,depnra1,IIIT Jabalpur
pank_aj2271,pank_aj2271,
Akash_0P,Akash_0P,
Kapil_Yadav,Kapil_Yadav,
iiitalokk,iiitalokk,
pankajkapasiya29,pankajkapasiya29,
kishore881,kishore881,
wzl-stream,,
reassurance,reassurance,
Mehul_Gupta_019,Mehul_Gupta_019,
champion_-1,,
tyler_,tyler_,
publicCDN,publicCDN,
xswzaq44321,xswzaq44321,NTHU
krishsaini_777,krishsaini_777,BIT Mesra
aachaldhole22,aachaldhole22,Indian School of Mines
saumaygupta03,saumaygupta03,
utsav4504,utsav4504,IIIT Sonepat
ankitchauhan21,ankitchauhan21,NITB
DharmicDevX,DharmicDevX,
aayush_dalal9,aayush_dalal9,
govinddwivedi,govinddwivedi,IIIT JABALPUR
tree54145,tree54145,
rnfogDqn04,rnfogDqn04,
Saurabh_218,Saurabh_218,
suyashy,suyashy,Lakshmi Narain College of Technology
wonderful-heisenbergunj,,
brijmohangour895,brijmohangour895,
abhinov2144,abhinov2144,
arpan_bareja,arpan_bareja,Delhi Technological University
Gojou_Sensei,Gojou_Sensei,
flamboyant-shavvo2u,,
BlueCyclops-18,BlueCyclops-18,MNNIT-A
afterdisillusion,,
rudy_02,rudy_02,
riteshpy_,riteshpy_,Indian Institute of Information Technology Bhagalpur
ramakrishnamrk,ramakrishnamrk,
kdKzJr9Dl4,kdKzJr9Dl4,
hopeful-jacksonlct,,
run1512,run1512,
zhi-ge-z,,
BRM,BRM,
jiejieya,,
ingramliao,ingramliao,
hardik_kushwaha,hardik_kushwaha,
Guo_Jun,Guo_Jun,
anicontest,anicontest,
ishita_5062,ishita_5062,
RAZEEF_SHAIK,RAZEEF_SHAIK,NIT Silchar
Bellana_Yaswanth,Bellana_Yaswanth,"Indian Institute of Information Technology, Kalyani"
bhavika_alsani-27,bhavika_alsani-27,
sonubisht,sonubisht,
kalpha2000,kalpha2000,
priceless-i3osepss,,
pinku_deb,pinku_deb,North South University
S_Shishir,S_Shishir,
plusline,plusline,
AJ_127,AJ_127,Nirma University
Ishu_Code,Ishu_Code,"University Institute of technology, RGPV"
DoTheBestMayb,DoTheBestMayb,
Sai_145,Sai_145,ACE Engineering College
mrajneesh001,mrajneesh001,
mr360c00l,mr360c00l,"IIITDM, kurnool"
ShahidTK,ShahidTK,MNNIT ALLAHABAD
harishnandre,harishnandre,
lWyV43d2xI,lWyV43d2xI,
hakr2104,hakr2104,
Hardik_Aswal1303,Hardik_Aswal1303,Indian Institute of Technology- Goa
DDHCOdes,DDHCOdes,
resotto,resotto,
kxVusmxPqB,kxVusmxPqB,
blackblock,blackblock,NSUT
Dwiden17,Dwiden17,
tYD8JHAj6C,tYD8JHAj6C,
rbhd,,
theankitmishra,theankitmishra,Sobhasaria Group Of Institution 
PyTechie,PyTechie,Chaitanya Bharathi Institute of technology
mukulvasanth,mukulvasanth,
vaibhav108d,vaibhav108d,"LNCT Group Of Colleges , Bhopal"
kiyokoji,kiyokoji,
vibrant-blacktre,,
krishnasai1,krishnasai1,
abysamross,abysamross,IIT Bombay
wo-jiu-chang-chang-v,,
T_JAIWANTH,T_JAIWANTH,PES University
Giri_2507,Giri_2507,
sarvagya2545,sarvagya2545,"BITS Pilani, Hyderabad"
syam_115,syam_115,
hariom86,hariom86,
ramakrishna8633,ramakrishna8633,
Chandra_13,Chandra_13,
chandankumaryadav_se22a11_33,chandankumaryadav_se22a11_33,
neelmani_p999,neelmani_p999,GLA University
SlythPratham,SlythPratham,Scaler School Of Technology 
fate-4,,
sau111ya,sau111ya,
ShangqiYang,ShangqiYang,
guptagaurav7375,guptagaurav7375,
yashbhiwania772,yashbhiwania772,
Apej22,Apej22,
akh26,akh26,
shiyu_dev,shiyu_dev,
Nish1110,Nish1110,
chandra135711,chandra135711,
Tharun_03k,Tharun_03k,
AlsoMayankO7,AlsoMayankO7,Vellore Institute of Technology
Shubham_Tiwari55,Shubham_Tiwari55,National Institute of Technology Patna
happy-chatterjeettv,,
akbc,akbc,
qi-yu-xuan-ang-de-mao-zi,,
akhetaK,akhetaK,
tejashreev1804,tejashreev1804,
NOdw4jFdlw,NOdw4jFdlw,
XjE67mSH0k,XjE67mSH0k,Punjab Engineering College 
mcuallen,mcuallen,
_nilv_,_nilv_,
justAnotherAccount,justAnotherAccount,
sky_walker-x,,
_ajinkya17,_ajinkya17,
bharat_47,bharat_47,
navneetanand1,navneetanand1,
7MHvr8obCN,7MHvr8obCN,
rupeshkumarvs,rupeshkumarvs,
kpgsxnKQAA,kpgsxnKQAA,Birla Institute of Technology Mesra
Surajkasaudhan100,Surajkasaudhan100,
deepthidornala,deepthidornala,
fan-fan-fan-a9,,
allen_nie,allen_nie,
Ayush_Dubey,Ayush_Dubey,
vineetiwari,vineetiwari,IIIT SRI CITY
triplethread,triplethread,
Saiprasad_212925,Saiprasad_212925,
pudijagadesh07_,pudijagadesh07_,
vaibhavkale24,vaibhavkale24,
nanlai,nanlai,
ankit_24816,ankit_24816,
2XIl3LUgSn,2XIl3LUgSn,
dhruva26,dhruva26,RPTP Secondary School
kaushikankitsharma,kaushikankitsharma,
shou-zhong-guo-guang-2,,
Charanharsha,Charanharsha,"National Institute of Technology, Warangal"
adi_arr,adi_arr,DIT
Vsatwik30,Vsatwik30,
AdityaSirsalkar,AdityaSirsalkar,IIIT Allahabad
tlh65,tlh65,
sharanyaswant,sharanyaswant,
ankit_2319,ankit_2319,
adiroy2,adiroy2,Jaypee Institute of Information Technology
Pablo_Z,Pablo_Z,
zeningc,zeningc,Yale University
shanky74022,shanky74022,
aditya767718,aditya767718,
badalraj444,badalraj444,
vardan_malik,vardan_malik,Indiana University--Bloomington
sudarshan_gampa,sudarshan_gampa,
fatalme,fatalme,
khanna_shivang,khanna_shivang,
Krishan-kant-sharma,Krishan-kant-sharma,G L Bajaj Group of Institutions
Yuvadarshan,Yuvadarshan,
Alex_8468,Alex_8468,Graphic Era Hill University 
dhruvsinghal0902,dhruvsinghal0902,
hao-han-h,,
nigam9519,nigam9519,
Ankan_03_palai,Ankan_03_palai,
kevintan0520,,
sweet-shavvjnx,,
Sivani_Komatineni,Sivani_Komatineni,
user5417bd,user5417bd,
user7586xV,user7586xV,
Ashank_001,Ashank_001,
noonebhargav,noonebhargav,
destiny169,destiny169,
tang-ren-zi-he-chu-lai,,
luyangg,luyangg,Georgia Institute of Technology
coderamrish,coderamrish,Narula institute of technology
sdliuyuzhi,sdliuyuzhi,
gracious-tu8ey,,
wangshi-2,,
AmAn270524,AmAn270524,LNMIIT
vnvarad_30,vnvarad_30,
Shiva_kumar_Keesari,Shiva_kumar_Keesari,
TK0GtID7HN,TK0GtID7HN,
inarace,inarace,
jmucc314,jmucc314,New Jersey Institute of Technology
lokikumar,lokikumar,Shiv Nadar University Chennai
keshavMittal004,keshavMittal004,
Debangshu_M,Debangshu_M,
yuvi_2005,yuvi_2005,
Farmaan_ansari,Farmaan_ansari,JAMIA MILIA ISLAMIA
Mitpro,Mitpro,
vishnuchaithanya10,vishnuchaithanya10,
Codeingg,Codeingg,Jadavpur University
Reshal_Kashyap,Reshal_Kashyap,
anshika_mogha,anshika_mogha,
LSG_2320,LSG_2320,
mayurranjan96,mayurranjan96,
potatoArmy,potatoArmy,
Piyush-Sagar,Piyush-Sagar,
arnvvv,arnvvv,
mayankbindal435,mayankbindal435,
whydunit,,
abhishekatxeno,abhishekatxeno,
6ZiKWBRApj,6ZiKWBRApj,
_siddHANT7744_,_siddHANT7744_,NIT Jamshedpur
mishram19,mishram19,
child70370636,child70370636,
Quar,Quar,
zxc23314063zxc,zxc23314063zxc,
SandeepRaoSirikonda,SandeepRaoSirikonda,Keshav Memorial Institute of Technology
mayukha_20,mayukha_20,
royalrajput04,royalrajput04,NIT Durgapur
peichaoD,peichaoD,
SMaitra006,SMaitra006,
Shiv_Kaushik,Shiv_Kaushik,Indian Institute of Information Technology Lucknow
bhaveshrode,bhaveshrode,
sjha55340,sjha55340,
sanish1212,sanish1212,Lovely Professional University
Omega515,Omega515,UGTU
Aafreen_Sh18,Aafreen_Sh18,
Prasoon_Gupta2003,Prasoon_Gupta2003,"Institue of Engineering and Technology,Lucknow"
durjoydutta,durjoydutta,
shivammm21,shivammm21,Savitribai Phule Pune University
dreadolisk,dreadolisk,SundarSTEM School
ARJUNVANGALA,ARJUNVANGALA,
capable_average,capable_average,IIT Bhilai
Shikhar_1,Shikhar_1,
elsaliang,elsaliang,
AnishVardhan,AnishVardhan,
dhuamanilu,dhuamanilu,
